company_name,category,orig_has_website,new_tier,reason
Pick n Pay,supermarket,False,B,"matches known chain guard (OSM had no tag, brand has a site)"
Markham,clothes,False,B,"matches known chain guard (OSM had no tag, brand has a site)"
CNA,newsagent,False,B,"matches known chain guard (OSM had no tag, brand has a site)"
Truworths,clothes,False,B,"matches known chain guard (OSM had no tag, brand has a site)"
Diesel,clothes,False,B,"matches known chain guard (OSM had no tag, brand has a site)"
Woolworths,supermarket,False,B,"matches known chain guard (OSM had no tag, brand has a site)"
FNB Conference Centre,hotel,False,B,"matches known chain guard (OSM had no tag, brand has a site)"
Pick n Pay Express,convenience,False,B,"matches known chain guard (OSM had no tag, brand has a site)"
LiquorShop Checkers,alcohol,False,B,"matches known chain guard (OSM had no tag, brand has a site)"
Pick n Pay,supermarket,False,B,"matches known chain guard (OSM had no tag, brand has a site)"
Discovery,commercial,False,B,"matches known chain guard (OSM had no tag, brand has a site)"
Discovery,commercial,False,B,"matches known chain guard (OSM had no tag, brand has a site)"
BMW Sandton Auto,car,False,B,"matches known chain guard (OSM had no tag, brand has a site)"
Engen,convenience,False,B,"matches known chain guard (OSM had no tag, brand has a site)"
Total HQ,commercial,False,B,"matches known chain guard (OSM had no tag, brand has a site)"
Discovery,commercial,False,B,"matches known chain guard (OSM had no tag, brand has a site)"
"Nedbank, 135 Rivonia, Block H",commercial,False,B,"matches known chain guard (OSM had no tag, brand has a site)"
Land Rover,car,False,B,"matches known chain guard (OSM had no tag, brand has a site)"
Quickshop,convenience,False,B,"matches known chain guard (OSM had no tag, brand has a site)"
Pick n Pay,supermarket,False,B,"matches known chain guard (OSM had no tag, brand has a site)"
Pick n Pay,supermarket,False,B,"matches known chain guard (OSM had no tag, brand has a site)"
Woolworths,supermarket,False,B,"matches known chain guard (OSM had no tag, brand has a site)"
Woolworths Food,convenience,False,B,"matches known chain guard (OSM had no tag, brand has a site)"
Sorbet Hairbar,hairdresser,False,B,"matches known chain guard (OSM had no tag, brand has a site)"
Pick n Pay Express,convenience,False,B,"matches known chain guard (OSM had no tag, brand has a site)"
Pick n Pay Express,convenience,False,B,"matches known chain guard (OSM had no tag, brand has a site)"
Sasol Convenience Shop,convenience,False,B,"matches known chain guard (OSM had no tag, brand has a site)"
Pick n Pay Express,convenience,False,B,"matches known chain guard (OSM had no tag, brand has a site)"
Spar,supermarket,False,B,"matches known chain guard (OSM had no tag, brand has a site)"
Pick n Pay,supermarket,False,B,"matches known chain guard (OSM had no tag, brand has a site)"
Spar,supermarket,False,B,"matches known chain guard (OSM had no tag, brand has a site)"
Audi,car,False,B,"matches known chain guard (OSM had no tag, brand has a site)"
Cashbuild,hardware,False,B,"matches known chain guard (OSM had no tag, brand has a site)"
Boxer,supermarket,False,B,"matches known chain guard (OSM had no tag, brand has a site)"
Boxer,supermarket,False,B,"matches known chain guard (OSM had no tag, brand has a site)"
Pick n Pay,supermarket,False,B,"matches known chain guard (OSM had no tag, brand has a site)"
CNA,stationery,False,B,"matches known chain guard (OSM had no tag, brand has a site)"
Clicks,chemist,False,B,"matches known chain guard (OSM had no tag, brand has a site)"
Pick n Pay Express,convenience,False,B,"matches known chain guard (OSM had no tag, brand has a site)"
Discovery Soccer Park,commercial,False,B,"matches known chain guard (OSM had no tag, brand has a site)"
Spar,supermarket,False,B,"matches known chain guard (OSM had no tag, brand has a site)"
Woolworths Food,convenience,False,B,"matches known chain guard (OSM had no tag, brand has a site)"
Woolworths Food,supermarket,False,B,"matches known chain guard (OSM had no tag, brand has a site)"
Pick n Pay Family,supermarket,False,B,"matches known chain guard (OSM had no tag, brand has a site)"
Quickshop,convenience,False,B,"matches known chain guard (OSM had no tag, brand has a site)"
Woolworths,supermarket,False,B,"matches known chain guard (OSM had no tag, brand has a site)"
Vodacom World of Golf,golf_course,False,B,"matches known chain guard (OSM had no tag, brand has a site)"
Ford,car_repair,False,B,"matches known chain guard (OSM had no tag, brand has a site)"
Pick n Pay,supermarket,False,B,"matches known chain guard (OSM had no tag, brand has a site)"
Pick n Pay Liquor,alcohol,False,B,"matches known chain guard (OSM had no tag, brand has a site)"
Woolworths,supermarket,False,B,"matches known chain guard (OSM had no tag, brand has a site)"
Lifemed Medical Scheme,yes,False,B,"matches known chain guard (OSM had no tag, brand has a site)"
Food Lover's Market,supermarket,False,B,"matches known chain guard (OSM had no tag, brand has a site)"
Tiger Wheel and Tyre,car_repair,False,B,"matches known chain guard (OSM had no tag, brand has a site)"
Quickshop,convenience,False,B,"matches known chain guard (OSM had no tag, brand has a site)"
Audi,car,False,B,"matches known chain guard (OSM had no tag, brand has a site)"
Lifemed Medical Scheme,commercial,False,B,"matches known chain guard (OSM had no tag, brand has a site)"
Robindale Spar,supermarket,False,B,"matches known chain guard (OSM had no tag, brand has a site)"
Pick n Pay Express,convenience,False,B,"matches known chain guard (OSM had no tag, brand has a site)"
Pick n Pay Express,convenience,False,B,"matches known chain guard (OSM had no tag, brand has a site)"
